id,created_at,name,href,username,imageSrc
1,3/13/2022,Chiquia,http://dummyimage.com/249x100.png/dddddd/000000,cgrattan0,http://dummyimage.com/227x100.png/dddddd/000000
2,7/22/2022,Delphine,http://dummyimage.com/228x100.png/5fa2dd/ffffff,dmcveighty1,http://dummyimage.com/145x100.png/5fa2dd/ffffff
3,9/12/2022,Jonie,http://dummyimage.com/193x100.png/ff4444/ffffff,jstapleford2,http://dummyimage.com/178x100.png/cc0000/ffffff
4,10/30/2022,Klemens,http://dummyimage.com/210x100.png/cc0000/ffffff,ktippell3,http://dummyimage.com/140x100.png/cc0000/ffffff
5,4/7/2022,Magda,http://dummyimage.com/175x100.png/ff4444/ffffff,mcaldera4,http://dummyimage.com/250x100.png/dddddd/000000
6,3/17/2022,Marketa,http://dummyimage.com/183x100.png/5fa2dd/ffffff,mstlouis5,http://dummyimage.com/108x100.png/ff4444/ffffff
7,7/15/2022,Devonne,http://dummyimage.com/100x100.png/dddddd/000000,dsaffill6,http://dummyimage.com/133x100.png/dddddd/000000
8,2/3/2022,Lorant,http://dummyimage.com/212x100.png/dddddd/000000,lrowena7,http://dummyimage.com/181x100.png/ff4444/ffffff
9,12/16/2022,Gabe,http://dummyimage.com/229x100.png/ff4444/ffffff,gmcbrearty8,http://dummyimage.com/168x100.png/ff4444/ffffff
10,3/25/2022,Charyl,http://dummyimage.com/169x100.png/ff4444/ffffff,cjako9,http://dummyimage.com/183x100.png/ff4444/ffffff
11,9/4/2022,Annamarie,http://dummyimage.com/120x100.png/5fa2dd/ffffff,ahembrowa,http://dummyimage.com/186x100.png/ff4444/ffffff
12,3/6/2022,Mia,http://dummyimage.com/123x100.png/dddddd/000000,mleflochb,http://dummyimage.com/239x100.png/cc0000/ffffff
13,9/18/2022,Lorilyn,http://dummyimage.com/245x100.png/dddddd/000000,lglasperc,http://dummyimage.com/192x100.png/ff4444/ffffff
14,1/13/2022,Alethea,http://dummyimage.com/214x100.png/cc0000/ffffff,arabjohnd,http://dummyimage.com/187x100.png/ff4444/ffffff
15,8/11/2022,Avram,http://dummyimage.com/110x100.png/cc0000/ffffff,asaylore,http://dummyimage.com/119x100.png/5fa2dd/ffffff
16,5/3/2022,Jerry,http://dummyimage.com/234x100.png/5fa2dd/ffffff,jzmitrichenkof,http://dummyimage.com/110x100.png/dddddd/000000
17,4/10/2022,Wood,http://dummyimage.com/177x100.png/5fa2dd/ffffff,wcosgriffg,http://dummyimage.com/187x100.png/cc0000/ffffff
18,6/15/2022,Rafa,http://dummyimage.com/119x100.png/5fa2dd/ffffff,rthompkinsh,http://dummyimage.com/190x100.png/ff4444/ffffff
19,8/6/2022,Derick,http://dummyimage.com/159x100.png/ff4444/ffffff,dstoylesi,http://dummyimage.com/235x100.png/dddddd/000000
20,10/4/2022,Jewel,http://dummyimage.com/167x100.png/cc0000/ffffff,jsaveryj,http://dummyimage.com/154x100.png/dddddd/000000
21,10/19/2022,Lissi,http://dummyimage.com/142x100.png/5fa2dd/ffffff,lduckerink,http://dummyimage.com/221x100.png/ff4444/ffffff
22,2/7/2022,Gina,http://dummyimage.com/102x100.png/dddddd/000000,gbastockl,http://dummyimage.com/180x100.png/5fa2dd/ffffff
23,10/28/2022,Charmaine,http://dummyimage.com/238x100.png/ff4444/ffffff,csaffillm,http://dummyimage.com/155x100.png/5fa2dd/ffffff
24,1/15/2022,Nettle,http://dummyimage.com/130x100.png/dddddd/000000,ncochernn,http://dummyimage.com/100x100.png/5fa2dd/ffffff
25,9/16/2022,Blakeley,http://dummyimage.com/246x100.png/dddddd/000000,bdamarello,http://dummyimage.com/190x100.png/ff4444/ffffff
26,2/1/2022,Anya,http://dummyimage.com/235x100.png/ff4444/ffffff,abradwellp,http://dummyimage.com/135x100.png/5fa2dd/ffffff
27,8/16/2022,Mohammed,http://dummyimage.com/113x100.png/dddddd/000000,mduggonq,http://dummyimage.com/173x100.png/dddddd/000000
28,9/8/2022,Donnell,http://dummyimage.com/189x100.png/ff4444/ffffff,docahernyr,http://dummyimage.com/128x100.png/cc0000/ffffff
29,7/1/2022,Kayle,http://dummyimage.com/175x100.png/5fa2dd/ffffff,kweatherells,http://dummyimage.com/224x100.png/5fa2dd/ffffff
30,3/7/2022,Penelope,http://dummyimage.com/134x100.png/cc0000/ffffff,pserjeantsont,http://dummyimage.com/214x100.png/5fa2dd/ffffff
31,1/27/2022,Fernande,http://dummyimage.com/243x100.png/5fa2dd/ffffff,fmaclaigu,http://dummyimage.com/183x100.png/5fa2dd/ffffff
32,2/24/2022,Dinnie,http://dummyimage.com/134x100.png/dddddd/000000,dpickthornev,http://dummyimage.com/223x100.png/dddddd/000000
33,3/27/2022,Ruben,http://dummyimage.com/133x100.png/dddddd/000000,rpinkw,http://dummyimage.com/114x100.png/dddddd/000000
34,8/24/2022,Sharline,http://dummyimage.com/177x100.png/ff4444/ffffff,srichardx,http://dummyimage.com/129x100.png/cc0000/ffffff
35,8/21/2022,Davie,http://dummyimage.com/205x100.png/cc0000/ffffff,dhallmarky,http://dummyimage.com/136x100.png/5fa2dd/ffffff
36,2/13/2022,Evangeline,http://dummyimage.com/201x100.png/5fa2dd/ffffff,edevignez,http://dummyimage.com/224x100.png/cc0000/ffffff
37,11/9/2022,Fidel,http://dummyimage.com/167x100.png/dddddd/000000,fwhaplington10,http://dummyimage.com/170x100.png/dddddd/000000
38,4/29/2022,Antone,http://dummyimage.com/183x100.png/dddddd/000000,abellard11,http://dummyimage.com/222x100.png/cc0000/ffffff
39,2/6/2022,Ora,http://dummyimage.com/106x100.png/cc0000/ffffff,oklesl12,http://dummyimage.com/201x100.png/ff4444/ffffff
40,10/22/2022,Derek,http://dummyimage.com/231x100.png/dddddd/000000,dbisco13,http://dummyimage.com/185x100.png/cc0000/ffffff
41,10/15/2022,Reagan,http://dummyimage.com/238x100.png/cc0000/ffffff,rhambling14,http://dummyimage.com/184x100.png/ff4444/ffffff
42,10/12/2022,Astrid,http://dummyimage.com/139x100.png/dddddd/000000,aneasam15,http://dummyimage.com/118x100.png/dddddd/000000
43,1/16/2022,Ann,http://dummyimage.com/199x100.png/dddddd/000000,asearchwell16,http://dummyimage.com/186x100.png/5fa2dd/ffffff
44,6/20/2022,Olimpia,http://dummyimage.com/220x100.png/ff4444/ffffff,oormshaw17,http://dummyimage.com/123x100.png/dddddd/000000
45,1/23/2022,Dayle,http://dummyimage.com/116x100.png/ff4444/ffffff,dferfulle18,http://dummyimage.com/157x100.png/5fa2dd/ffffff
46,9/19/2022,Cindra,http://dummyimage.com/168x100.png/ff4444/ffffff,cjozefiak19,http://dummyimage.com/250x100.png/cc0000/ffffff
47,12/16/2022,Wit,http://dummyimage.com/119x100.png/dddddd/000000,wravens1a,http://dummyimage.com/101x100.png/ff4444/ffffff
48,10/9/2022,Mano,http://dummyimage.com/167x100.png/5fa2dd/ffffff,mpedreschi1b,http://dummyimage.com/174x100.png/dddddd/000000
49,5/15/2022,Janina,http://dummyimage.com/196x100.png/5fa2dd/ffffff,jhonywill1c,http://dummyimage.com/111x100.png/ff4444/ffffff
50,12/27/2021,Micaela,http://dummyimage.com/111x100.png/dddddd/000000,mburtwistle1d,http://dummyimage.com/189x100.png/cc0000/ffffff
51,5/11/2022,Denys,http://dummyimage.com/178x100.png/5fa2dd/ffffff,dtruckell1e,http://dummyimage.com/131x100.png/cc0000/ffffff
52,12/27/2021,Aeriell,http://dummyimage.com/140x100.png/ff4444/ffffff,abeller1f,http://dummyimage.com/238x100.png/5fa2dd/ffffff
53,2/13/2022,Erroll,http://dummyimage.com/227x100.png/dddddd/000000,evickars1g,http://dummyimage.com/206x100.png/ff4444/ffffff
54,11/21/2022,Benjamin,http://dummyimage.com/186x100.png/cc0000/ffffff,bhulse1h,http://dummyimage.com/157x100.png/ff4444/ffffff
55,2/1/2022,Murray,http://dummyimage.com/117x100.png/5fa2dd/ffffff,mzanni1i,http://dummyimage.com/162x100.png/dddddd/000000
56,10/29/2022,Carly,http://dummyimage.com/245x100.png/cc0000/ffffff,caucoate1j,http://dummyimage.com/193x100.png/5fa2dd/ffffff
57,8/17/2022,Shermie,http://dummyimage.com/194x100.png/5fa2dd/ffffff,sblinco1k,http://dummyimage.com/214x100.png/dddddd/000000
58,1/5/2022,Cherrita,http://dummyimage.com/152x100.png/cc0000/ffffff,cdethloff1l,http://dummyimage.com/100x100.png/5fa2dd/ffffff
59,6/6/2022,Waldemar,http://dummyimage.com/228x100.png/cc0000/ffffff,willes1m,http://dummyimage.com/213x100.png/ff4444/ffffff
60,2/13/2022,Dennis,http://dummyimage.com/216x100.png/5fa2dd/ffffff,daddionizio1n,http://dummyimage.com/242x100.png/ff4444/ffffff
61,4/21/2022,Mora,http://dummyimage.com/232x100.png/ff4444/ffffff,mthewlis1o,http://dummyimage.com/229x100.png/cc0000/ffffff
62,7/30/2022,Abrahan,http://dummyimage.com/219x100.png/5fa2dd/ffffff,abento1p,http://dummyimage.com/138x100.png/5fa2dd/ffffff
63,10/28/2022,Ash,http://dummyimage.com/159x100.png/5fa2dd/ffffff,aluxon1q,http://dummyimage.com/117x100.png/cc0000/ffffff
64,9/4/2022,Mia,http://dummyimage.com/194x100.png/cc0000/ffffff,mgiorgione1r,http://dummyimage.com/216x100.png/cc0000/ffffff
65,4/27/2022,Ailbert,http://dummyimage.com/137x100.png/dddddd/000000,adilkes1s,http://dummyimage.com/142x100.png/5fa2dd/ffffff
66,5/23/2022,Nobie,http://dummyimage.com/249x100.png/5fa2dd/ffffff,nungerer1t,http://dummyimage.com/230x100.png/cc0000/ffffff
67,1/5/2022,Sallyann,http://dummyimage.com/136x100.png/cc0000/ffffff,ssteptow1u,http://dummyimage.com/105x100.png/dddddd/000000
68,9/7/2022,Janaya,http://dummyimage.com/100x100.png/cc0000/ffffff,jlaborda1v,http://dummyimage.com/180x100.png/cc0000/ffffff
69,6/9/2022,Henka,http://dummyimage.com/145x100.png/cc0000/ffffff,hlennard1w,http://dummyimage.com/167x100.png/5fa2dd/ffffff
70,5/6/2022,Irving,http://dummyimage.com/198x100.png/cc0000/ffffff,ialenshev1x,http://dummyimage.com/247x100.png/ff4444/ffffff
71,6/24/2022,Allissa,http://dummyimage.com/147x100.png/dddddd/000000,alamprecht1y,http://dummyimage.com/143x100.png/5fa2dd/ffffff
72,3/6/2022,Blondie,http://dummyimage.com/178x100.png/5fa2dd/ffffff,bbatman1z,http://dummyimage.com/101x100.png/cc0000/ffffff
73,8/25/2022,Theodoric,http://dummyimage.com/176x100.png/cc0000/ffffff,tstansbie20,http://dummyimage.com/167x100.png/dddddd/000000
74,8/26/2022,Adolpho,http://dummyimage.com/236x100.png/5fa2dd/ffffff,akrier21,http://dummyimage.com/211x100.png/dddddd/000000
75,12/21/2021,Garrott,http://dummyimage.com/175x100.png/dddddd/000000,gbearfoot22,http://dummyimage.com/204x100.png/cc0000/ffffff
76,10/16/2022,Valaree,http://dummyimage.com/105x100.png/dddddd/000000,vatherley23,http://dummyimage.com/108x100.png/dddddd/000000
77,4/9/2022,Loretta,http://dummyimage.com/144x100.png/5fa2dd/ffffff,ltretwell24,http://dummyimage.com/161x100.png/cc0000/ffffff
78,7/26/2022,Shanna,http://dummyimage.com/154x100.png/cc0000/ffffff,sguirau25,http://dummyimage.com/112x100.png/ff4444/ffffff
79,3/12/2022,Kristoforo,http://dummyimage.com/245x100.png/5fa2dd/ffffff,kmilsom26,http://dummyimage.com/214x100.png/cc0000/ffffff
80,9/28/2022,Tommie,http://dummyimage.com/107x100.png/5fa2dd/ffffff,tsaby27,http://dummyimage.com/214x100.png/cc0000/ffffff
81,9/23/2022,Farleigh,http://dummyimage.com/236x100.png/ff4444/ffffff,fodegaard28,http://dummyimage.com/105x100.png/5fa2dd/ffffff
82,5/8/2022,Johnathan,http://dummyimage.com/239x100.png/dddddd/000000,jpriddie29,http://dummyimage.com/155x100.png/ff4444/ffffff
83,8/27/2022,Lewie,http://dummyimage.com/236x100.png/dddddd/000000,lpatmore2a,http://dummyimage.com/218x100.png/5fa2dd/ffffff
84,3/3/2022,Hercule,http://dummyimage.com/172x100.png/5fa2dd/ffffff,hhassen2b,http://dummyimage.com/234x100.png/cc0000/ffffff
85,8/14/2022,Ajay,http://dummyimage.com/226x100.png/5fa2dd/ffffff,amackenney2c,http://dummyimage.com/142x100.png/5fa2dd/ffffff
86,11/20/2022,Sebastien,http://dummyimage.com/150x100.png/cc0000/ffffff,sconnell2d,http://dummyimage.com/237x100.png/dddddd/000000
87,5/31/2022,Fidelity,http://dummyimage.com/164x100.png/cc0000/ffffff,faronow2e,http://dummyimage.com/152x100.png/5fa2dd/ffffff
88,6/30/2022,Randy,http://dummyimage.com/126x100.png/ff4444/ffffff,rschultheiss2f,http://dummyimage.com/115x100.png/dddddd/000000
89,11/6/2022,Gunner,http://dummyimage.com/118x100.png/5fa2dd/ffffff,gsnadden2g,http://dummyimage.com/171x100.png/cc0000/ffffff
90,5/2/2022,Wade,http://dummyimage.com/184x100.png/ff4444/ffffff,wmcginty2h,http://dummyimage.com/176x100.png/dddddd/000000
91,12/6/2022,Vincenz,http://dummyimage.com/142x100.png/5fa2dd/ffffff,vdayce2i,http://dummyimage.com/165x100.png/5fa2dd/ffffff
92,3/4/2022,Samuel,http://dummyimage.com/155x100.png/ff4444/ffffff,sbravery2j,http://dummyimage.com/181x100.png/dddddd/000000
93,3/20/2022,Harper,http://dummyimage.com/122x100.png/5fa2dd/ffffff,hprickett2k,http://dummyimage.com/188x100.png/5fa2dd/ffffff
94,7/20/2022,Gay,http://dummyimage.com/217x100.png/ff4444/ffffff,gbuchett2l,http://dummyimage.com/175x100.png/ff4444/ffffff
95,3/1/2022,Catherina,http://dummyimage.com/207x100.png/dddddd/000000,cbourke2m,http://dummyimage.com/244x100.png/cc0000/ffffff
96,1/16/2022,Aeriela,http://dummyimage.com/173x100.png/dddddd/000000,arasch2n,http://dummyimage.com/129x100.png/ff4444/ffffff
97,2/20/2022,Erena,http://dummyimage.com/115x100.png/cc0000/ffffff,enairn2o,http://dummyimage.com/248x100.png/ff4444/ffffff
98,7/15/2022,Linzy,http://dummyimage.com/164x100.png/5fa2dd/ffffff,lhatje2p,http://dummyimage.com/129x100.png/dddddd/000000
99,5/24/2022,Sonnie,http://dummyimage.com/215x100.png/5fa2dd/ffffff,sruffell2q,http://dummyimage.com/113x100.png/5fa2dd/ffffff
100,7/14/2022,Ingaberg,http://dummyimage.com/117x100.png/ff4444/ffffff,ilindberg2r,http://dummyimage.com/166x100.png/cc0000/ffffff
